"bObsweep bObi Pet Robotic Vacuum Cleaner, Silver - OP5727556SV",$531.04,"BC, Canada","C $97.50

							(approx. US $70.29)",jndvd9,,,https://www.ebay.com/itm/bObsweep-bObi-Pet-Robotic-Vacuum-Cleaner-Silver-OP5727556SV/143539351197?epid=24027530904&_trkparms=ispr%3D1&hash=item216b9cae9d:g:SSUAAOSwMIVeUSZs&enc=AQAEAAACYBPxNw%2BVj6nta7CKEs3N0qV%2FPdYyeG%2FQj7PXHwOZ0vLhwkzN01gUxcSJ2C5kfrgK4DZ5fF%2B8zWm2%2B8ZhVYRSJ2oDz4S4LlQjS1qAHamJNQpPI9TplzjyGFCZiV9ipP4IvSzmz%2B%2BlCniwafP4CVYtxFFYGm0Ex0z3CzF9MaEKkefui1FanNaUzXvPXNvGvvGyTQO9DpJZYj0crfDwXoBXBuYGjcbCQUYpt%2BINln4mXUY1LGYWa6c17aoRGhjmwGL%2Bnnr49Ti8M26qa8rqSIeiSMzJCIRaEAbGe7CIzCKQPs7HPjUeOgo0OrMQjc98Dob%2BnMVoosfJPprnhfQejMXqBVhdPFtmIoZK2MQob2Sm7eYYJObj1nDdagpjTO2Tf5F6c6mbhDWNgefV%2BIjaTDf6aNPXvjSVj%2FerHe3hRCHktE2Yzau48LVL%2FvJQCYhV0e3Hpp1JUabrVIjEGEOW6GH76K9oRH0UhBG17tWoibamwFBghOzgIE%2BPiYtT%2FN5gFDeggoEuF636Rg%2BPPC85jj0nssmaZkr1%2F34TfdBc9gsQPRFTe%2BJmh%2F%2B4W4cck1%2BpQc6L%2BM49ocUcnOgcLcDtvucoYfdFDijUjraRhl2ZAIu1DSg0mwn%2BgIFYHAEl7eRGpRQYtF2WScBzP8LW908zNODde2wss1QFst5DHIFlscOgtyvg84AKkZR4%2F0Y8mfX7BgXwSXxQnBJjrSHV5E9U0Bgv%2Fs%2Fu0l8QXpY%2F0Vjj%2Fic1SX4mT2PP%2BHgQ%2FTM3J6Dg9QMvjclxOtTI1JNE8Z2iex0g%2Bqrb3f8zvoaL0KffMh3G8lAQ&checksum=143539351197cdf074228aae49d5a582fa398918aa4a
"bObsweep PetHair Robotic Vacuum Cleaner and Mop, Champagne - P4727546CH",$504.16,"BC, Canada","C $97.50

							(approx. US $70.29)",jndvd9,,,https://www.ebay.com/itm/bObsweep-PetHair-Robotic-Vacuum-Cleaner-and-Mop-Champagne-P4727546CH/143539492659?epid=3027548566&_trkparms=ispr%3D1&hash=item216b9ed733:g:huYAAOSwXA9eUcFO&enc=AQAEAAACYBPxNw%2BVj6nta7CKEs3N0qWPI1l58hXoMOnBy6kU72CF6ZQeDpH3jMlBiO9rhOnvKLDdB9pZeWgRuJP5TAVuG9BMzTxeZvRqZET7BQnA42Wu8VJlsx6io0e6VrC98EVG9h1ASkIDzmenYvvoQZ8ou8Hf9Fbu8DOuoCJwgpJmoRdBZMchwc51aEurLga9XhmQKf4gcCGJj8%2FUNK%2FtApgXjxGMR6uILO26X9b%2FvFb7%2B7s973tlofbPc%2Bhi2cNhxJt480Qx6cC9eFOP5kQSTjcUW9A76Lt%2F2QSUP5rdL2udda5RJLkseAdoL8HXIoWVrPEM%2BSwrAMzBUUJFXHV6tjAmBfNMBB2o1xmknNdmyzSIcco5vt6OxxXXf9LZ0fgzL5wapB8g%2FR3Tk0y8UqUXC%2BZ2Ku%2Fnm%2F7wS1OgjTOvu0sbLafNwFJB8PqskyfoPQinYr8VElNrpqLZy%2FDzdB%2BHQI8RzpQRkA0%2BG1L6WI4NeysrEGbiR7N2ZhU%2Fq4fQCybEE0I5RtoanwLgsSU8k5TA36upbeL1U6xHsIM1OadQgicV5bEO2e2kbKrD7PkjV35g5PCJL7Tw370Pyy6m6pPsmYgKmPx83UsKM49eLku7bSo8foz%2BbNlhqJ6ZvfY8hQobJKJ253mhLRZbYq2Z42R53ix0VWj12vXRE8recvk%2FftjO84myJIjMkqR5HYoP3Y4OsXXxuMLAM5v4qnNvnEGUfTf4mTr1drziTcIOrLhCsXpGBDB0CtW77BxqwpYoCCJLYYiJy1mJsYI3spW7wXYXqG8BJgJfkj88qMGEhI4rEP%2Be3fdR&checksum=143539492659cdf074228aae49d5a582fa398918aa4a
"eufy BoostIQ RoboVac 30, Robot Vacuum Cleaner, Upgraded, Super-Thin, 1500Pa...",$431.68,"BC, Canada","C $97.50

							(approx. US $70.29)",jndvd9,,,https://www.ebay.com/itm/eufy-BoostIQ-RoboVac-30-Robot-Vacuum-Cleaner-Upgraded-Super-Thin-1500Pa/143539911992?epid=3027548430&_trkparms=ispr%3D1&hash=item216ba53d38:g:ACAAAOSwTz1eUrEg&enc=AQAEAAACYBPxNw%2BVj6nta7CKEs3N0qXK2E3ciSWzNAFzVsXZPXtpoyYDXpMOH7hFTEmYaBfHSqLEkEYbmjPTs83d0OCOk8Pq2uoKGLICmY5X7sWtLU%2FzFrN5hFAJ4x4gZlMYnUz4UMEP8Q942T3uv6U8KaI5SMtFjKMpmFMGMHZ%2Fo%2BzBvbpujSiiEgeuqJ5fO9Zp0MJYLjZZ4kJxPT5KBz245T2a%2Fw7QdFA%2FS%2BTTm7eAj8oLn5%2FHxFtSImk8RBLcxBGo2y82rCO5kWs%2BuiWHKUQbjSEZ3w9xLaISMhhRxkVdg1L9Q4I0Zn%2BvQQFsTjC7l7lD%2BYbX5VIb%2FQHcuDMkY8riyA5J1XgJ%2FRTCJGQveliI168i5L%2Fdfe06J3Nc1J7%2BSJqnQ0JGK2NZVO8MMEF8wh9SW3egXENxfHYfcrVouN%2Fw2s1hFMk7RX2q%2Fa5xooih96YbdHFe4Y90UZ%2BHZnuzF70qYOh7nAwYmROVpzuBtI1uIam22PEOoZd6OfywVE83wzFHlNLRlZoGEhSoXSaUmjpIp1Ior0RskvubgY0e1Qc9PKOv4GKMcdHUrUDKdcJ8sZkxBsPEXuXeyHw7QeCduujdQshBJ3rQ5H2MxsSktclI%2FbeGOmvT9nC5UEAIYra1anj9DaF5g51SK5vi1%2FbojtowiPiWtx7FRQGjt8sA9NDWflKMjtxGhOd5lw7lem8M3Wu0W4yKa8VEANUI5WHffe5JPT3WL1RpXH7MpfMlPa3hW5Wdi4MXzACRi88lk27BT8ZQtw%2Fy%2B06ClHZEJ2BGJA%2BRYBSS9xTTtjtEkVcQdfD%2B4UZPTp9W&checksum=143539911992cdf074228aae49d5a582fa398918aa4a
"bObi Classic Robotic Vacuum Cleaner and Mop, Snow",$239.95,"BC, Canada","C $97.50

							(approx. US $70.29)",jndvd9,,,https://www.ebay.com/itm/bObi-Classic-Robotic-Vacuum-Cleaner-and-Mop-Snow/143539519332?epid=20030526321&_trkparms=ispr%3D1&hash=item216b9f3f64:g:9BwAAOSwJrleUetr&enc=AQAEAAACYBPxNw%2BVj6nta7CKEs3N0qVklcSjrUMpO6JsFkcyjRJvwuyZtDz2LP0UrE1yBAoYFjQc0ODr54h6k1ou7C0W77z%2BvL6%2BZDhNHj9wesghaeB40HV8ymZOlCJXIhpie64uUjiUjTvZHCWsJx4e4lnhOYezzEFd07jkaghshk%2BNpuR4vYX%2BzSElkW7lz2BrG7UnVzmjAM2DrHdeDHAhzWjC4EOX18kAIhSzgKhou6sGoV8tKrsXSRPldOF%2F8p0BUA0Kumc7hxIkV%2BPZWDWDKCE%2FZVzBlXa8eF%2BNepqzTvc9VHNODjLk3yt8plaq7%2BLLcki9vZCpbcuvRMpuU4sl4dt%2B9SVsVDQN6eVt3Qb81NYmqfNROqtm4x%2BUqi8%2B%2B6zJq1yhcLgYkqczJOb6KNpJ2W8K0oroy7IvSkYyo%2Bwk%2BDbzCTYl66ZaN5N1KyrUoUZh%2F9wdqeYhdtKRaZ52AXgKX7GVDo6dw%2BXwSPrA3H2tX6LBzZEC6lmzZ2oiAh5ZG3ij5K8hqA9xnISqL6uDzQ1Q1XiQbBKRcqncnx8EuJeDMp5qY4VoRwn8sdwyV2VEwDdKHxrWf2QaSfJT%2B4axJdFztJG5Y2eaSjYi46K6%2BDzQ0bCEYqqM2eKtRjCHTiamJyWAv%2BAhwdDKXMB2UjQzH1A%2Fk%2BORk2ZQZy8XZjTJozsdoohYPH%2FyV22unTGGOmvByrOHu6yh9wLvaCqhk6z%2FXPD76z4d2ROwhXsgpvhQKMq2J28KYhf2NLDEhbI5I0w9aJRCHhkBVlYPdZmmBqgiji8GiE9IR6fZAN1XyTVBo%2FTE8%2FUy%2BX9y&checksum=143539519332cdf074228aae49d5a582fa398918aa4a
"bObsweep PetHair Robotic Vacuum Cleaner and Mop, Rouge",$380.14,"BC, Canada","C $97.50

							(approx. US $70.29)",jndvd9,,,https://www.ebay.com/itm/bObsweep-PetHair-Robotic-Vacuum-Cleaner-and-Mop-Rouge/143538868601?epid=4030517195&_trkparms=ispr%3D1&hash=item216b955179:g:VaEAAOSwgGJeURkJ&enc=AQAEAAACYBPxNw%2BVj6nta7CKEs3N0qXcqJJJg5bS7%2F5D4sTy74cA3qIQDVtlS%2Fnn8gTx1XfpzOlruzs5xhp9L6gvSg6gNpEpWvw4Z%2F9AeZYfoAZUYF7xfh%2BLlPdezj9xWuuobxaaPLIVwUeluVmBeBAWPlZ0z7Am7hKxUgkC3%2BiPKibHXpATHVYxB%2F72TgMCUgzQeSeKcFp%2BIkLeepZoj9il1PmcaNRrsjflq9coPSirwgNpd8KIlcJXGoTaxShF9BZBkL%2BKSQqk9AtnU4o%2FS9dk345f3QyNazXoYIVKcE6S0edodBwgHBhKl%2BOGcQ9EH%2Blif1ZO%2BAVh49EK6ZJaxww3t24xm%2BVyEBLdDSOc%2F3Qn3gDp8ciF%2Bs8TqRVdpGjW99vgFKMaOj9KKeLg9u2q0%2Bom0uAT6Q%2B%2FbhS4wZ95os6ul5r%2FgYb%2BFS%2Bf3bQ1oIYgOK%2B2KdySZwDnGwaGG4GsxLpWb0NLFyCyLONmMf%2B0QB9S1oyF%2F4bsaWjomLP9AFznhjvoRyRwu%2BIgp9XK%2BeFfkB3tOvDQI7KwjHeJwY1DpHraiUMAHRGWGrW6LIqeBu2vPoSnees8si4%2BMFBX%2BFBkvGqmB%2FrLvVm853zRudyw0NYWmyLtRS8DNd1G2tRGickI8dMUR2%2FU4p1heKU0QEuVcRy%2BTxclTRAN57kIi79ttx2LK%2FmFAOuRNsXUg8C2Vi%2BzY4jg8VMKl9%2B018Q1OIoIYWaDjyLEPUVVYGtI4FY4CXDeTci4mVHvdlLbr6kcBsY4LwXlXDEeoA8P%2FhaFlTCYnp4qSOeQg9jXsjlDjK5lBuklVaUOxSwW&checksum=143538868601cdf074228aae49d5a582fa398918aa4a
Self Navigated Rechargeable Smart Robot Vacuum Cleaner Auto Sweeper Edge Clean A,$24.45,"Toronto, Canada",FREE,francorous,,"
with brush
without brush",https://www.ebay.com/itm/Self-Navigated-Rechargeable-Smart-Robot-Vacuum-Cleaner-Auto-Sweeper-Edge-Clean-A/352900028706?hash=item522a7b1922:m:mGvMaFIiDGOVtq8cjnblf8A
US Smart Robot Vacuum Cleaner Automatic Sweeper Floor Carpet Clean Rechargeable-,$10.79,"Hong Kong, China",FREE,fhew47,,"
#01 - White
#01 - Black
#02 - USB charge type (with ba...",https://www.ebay.com/itm/US-Smart-Robot-Vacuum-Cleaner-Automatic-Sweeper-Floor-Carpet-Clean-Rechargeable/392577850411?hash=item5b67769c2b:m:moxpKKDcYzUuOGlbrah3t6w
"LIECTROUX C30B Robot Vacuum Cleaner,3000Pa Suction,2D Map Navigation,WiFi App",$217.32,"SHENZHEN, China",FREE,lilinrobot,,,https://www.ebay.com/itm/LIECTROUX-C30B-Robot-Vacuum-Cleaner-3000Pa-Suction-2D-Map-Navigation-WiFi-App/254092958272?hash=item3b291eda40:g:b7gAAOSw8Q5d1V1a
Intelligent Robot Vacuum Cleaner RC Sweeper w/ Wet Mop Rechargeable Cleaner,$78.61,"Shenzhen, China",FREE,notebook.edge,,,https://www.ebay.com/itm/Intelligent-Robot-Vacuum-Cleaner-RC-Sweeper-w-Wet-Mop-Rechargeable-Cleaner/233425004480?hash=item365936e7c0:g:8BkAAOSwcqFd6cWg
Philips Robot Vacuum Cleaner SmartPro Easy Smart Cleaning Wireless FC8792/01,$341.99,"Seoul, Korea, South",FREE,davantistudio,,,https://www.ebay.com/itm/Philips-Robot-Vacuum-Cleaner-SmartPro-Easy-Smart-Cleaning-Wireless-FC8792-01/352570020286?epid=18016478643&hash=item5216cf91be:g:iBoAAOSwm5xcPrUG
HouseholdAutomatic Robotic Vacuum Cleaner Movable Intelligent RobotSweeper S3I7,$42.59,"Shen Zhen, China",FREE,acwholesaler,,"
Pink
White
Black",https://www.ebay.com/itm/HouseholdAutomatic-Robotic-Vacuum-Cleaner-Movable-Intelligent-RobotSweeper-S3I7/362723996383?hash=item547408f2df:m:mVr6O5XhVI7GRaeqRiUG0Xw
Smart Vacuum Cleaner Rechargeable Edge Cleaning Automatic Robot Sweeper,$86.21,"ShenZhen,GuangDong, China",FREE,sweethome-store,,"
Black
White",https://www.ebay.com/itm/Smart-Vacuum-Cleaner-Rechargeable-Edge-Cleaning-Automatic-Robot-Sweeper/223840152682?hash=item341de9ac6a:m:mWh_DyWPAbAzfMa8R2hYWhQ
Liectroux Magnetic Vacuum Cleaner Window Cleaning Robot X6,$175.77,"Shenzhen , China",FREE,lilinrobot,,,https://www.ebay.com/itm/Liectroux-Magnetic-Vacuum-Cleaner-Window-Cleaning-Robot-X6/254237291271?epid=23022474127&hash=item3b31b93307:g:x-YAAOSw2Ldc4lKj
Robotic Window Electric Cleaner Automatic Glass Cleaning Smart Vacuum Cleaners,$166.62,"HK, Hong Kong",FREE,brise32,,,https://www.ebay.com/itm/Robotic-Window-Electric-Cleaner-Automatic-Glass-Cleaning-Smart-Vacuum-Cleaners/263879732013?hash=item3d70752b2d:g:rNAAAOSwdi5bc8zn
"bObsweep PetHair Robotic Vacuum Cleaner and Mop, Champagne - P4727546CH",$512.68,"AB, Canada","C $98.60

							(approx. US $71.08)",naborsmedia,,,https://www.ebay.com/itm/bObsweep-PetHair-Robotic-Vacuum-Cleaner-and-Mop-Champagne-P4727546CH/392698186286?epid=3027548566&_trkparms=ispr%3D1&hash=item5b6ea2ca2e:g:huYAAOSwXA9eUcFO&enc=AQAEAAACYBPxNw%2BVj6nta7CKEs3N0qXx0%2BLpGHOeC%2BmK%2FWyk3wPP4rP1aR5eLDwqXVEbX4sQwFNXML9DactfbA5vHazzyKnnQtHtAQynwv%2Bo2Is%2BPue7smetdybkPv%2BIK3w1JdpaErDD4RGMmxfQy%2FFu6FPUAMPhJnvWddCHTDM8GD5aK22gLpHvJCN2rW6D%2Fk4ZkZLOdnTBEA9MVUEY7bLsBPqEp%2FYV%2FaHX%2BzxODtnAp2iWv3o92sdOlA%2BRo5EZw7N7ebPs66zGt%2BDGNaGE%2Fo0lGhvSUur54KJ5bQYOR27ejJxVu2IYXMrbnnqcGtkdXpbjGCYPb4k0e%2FgnmLV%2FT3KMVQxpIe3Nehf1G3cOeSxfjFz%2B51uzjvKiOUgNaEui6bWbO9apRCRhMQZut5Up0BTvFvJpN6s%2FqX9SdxHgWHobP8m0MNujEQIsGjjqZalzxIPlYnLamAFoWXPfJjK%2BW5jg70Wq%2BEdw6SLLxSeiguHJFCRJOO%2BbbnwcB%2FWf7GV0eHWa8Ndag%2F8pzs4m%2BnynBli%2FkJe2S8vADK%2F7FcxdMgamzrLBjDKkTPjIrjhLCdS6CkDl9%2FDf%2FR6I0%2FqRP04ssOnpcgCr75qFRJl8r7gy%2FAI9GLbddBHyCMLZO2E6OMDCWGApyWhT5czgwQrZ5LEpQZcK7NACBRWcr3cn%2BtLWSNhwjWiJqmjSnb%2FDQGf1e5Ym%2F9yt1xXv5g1Amx19uBwwPd96K3R4WMi28lOmX5BVohpMDsRS48SiAjt2ohZcj4oq3JX87Ilovh21%2BPBg1DYWpmxqVnriwzQ6MGNCU3WqAOyDw5CmP5Pg&checksum=392698186286cdf074228aae49d5a582fa398918aa4a
"bObsweep WPP56001CH Pethair Plus Robotic Vacuum Cleaner and Mop, Charcoal",$591.95,"BC, Canada","C $97.50

							(approx. US $70.29)",jndvd9,,,https://www.ebay.com/itm/bObsweep-WPP56001CH-Pethair-Plus-Robotic-Vacuum-Cleaner-and-Mop-Charcoal/143540044217?_trkparms=ispr%3D1&hash=item216ba741b9:g:RiQAAOSwiMBeUy88&enc=AQAEAAACYBPxNw%2BVj6nta7CKEs3N0qVJY%2FaZ1GsoLdRVXqmTBia0wKevcpX1MWRXmNv6xJ6i4UozkK6eD0oH3jLWYl%2BGTvXwnb%2FQAHmaKnfhkvi45EjuQwTPmJ%2B28NxMMjghBQ1SjtkaJjUAlr2ZB4Ih4ovek2txAVSewgNz9IwnbjbJyCP2Obwl%2FYtQG3chggv77AKbfmr9Rgbl7Oyoi2geeOIqTO8axs8szisFj6Ul03Ef7D8gV5aZg5SJ3EcoQumlmY2AbGunVlP5l15tvnUFkWi%2F%2BgNkKvJ7XRIFGOqT%2FoQx7jwUN8d8QpYe0jqPN1mnOIMJQRhRNUl9sIfvzhGk0vP7OXL7cQ1PSKoQTgE0aq24KwPPTUxK414dCAeLG9UdTHnSWjTGGXvufZ%2FGemB5NWH92xKThtUnSK6171IwkuvFpAFGH0l4Q2Ugu3ncbgROp0YkTjlJECVRnLoq6gFnPq1oorSCMzv96Br3BksOlpzwl%2FNNaxppdEdPIz%2FIaYgeLtGcWRKbL%2BIYKzbOp34DduT2JFG6s3%2FuhHoaUEBtdutqKiLKMD1gaDV8B1ccE6FM3MHjuGRPY7q%2B2g%2BHud%2BtwRMO5qk0vUntwjsof8NDj0RK3nUokv%2BnrB3ViRd5PIxQVxtLrS298Pb0FTpf%2FyswRSBIMDL2DRuOgCYvy8tQSrkqVRgXkdsbAo0oM%2BgNayeJOHnSu4EJcy4xWvqlg%2BazPKbril5A8A6rrQ%2BFwIkwPkV01pNyd8n7pae8sHf0FcbMNGF%2FowarVnFT%2FDGVz%2BllSUBp1j4sigzi5nbNNcrfk3IAPcN9&checksum=143540044217cdf074228aae49d5a582fa398918aa4a
PUCRC25 Automatic Robot Vacuum Cleaner - Lithium Battery 90 Min Run Silver,$207.28,"BC, Canada","C $97.50

							(approx. US $70.29)",jndvd9,,,https://www.ebay.com/itm/PUCRC25-Automatic-Robot-Vacuum-Cleaner-Lithium-Battery-90-Min-Run-Silver/143539914044?_trkparms=ispr%3D1&hash=item216ba5453c:g:KEoAAOSwCmBeUr8I&enc=AQAEAAACYBPxNw%2BVj6nta7CKEs3N0qWQr8ugneh%2FHn3iH1%2FO%2FujIpnoS97A3WiRi0JIvniBnSS2SNXr6Ohn0PfSEzRI351DKY5nAECOfFQolj763eFYUNudPOSDx1BegNXYhYUSSICGcwZDbCxXyWWoNinl3OxXpVX2I58pN4biz%2F%2FCl93a6TnDxptbKQM9Ie6M7xDwpQbV9nXh82xAsTsLyAxP1YbmdFg5tRjivwO76OtF0DWJz%2B%2FdLuL0KllcYUwn4aXDrHxoM%2B2fctuXVdU2971Z5w1yfxY0xX5uw4Kaiqg1FQduupgb1PZilcYRuopnATB1LridXlZ%2BTMS3GLAZjiuFuHdzLqBwKVC5skWF9N7j5khApUDNDkRMYOTb7KccYtN1L6Hj4F4lMo0G9nnthB46y187IKlk4%2FlE%2Fhwgb6Eslx78AE%2F4Fei8Q1yxk%2BS9JLHcGaMWuYA61s5IfkaRv81oqH9481Bg4h4I8uiyUG8N4CVx%2BmKfbCbZi1HUs5IvnnG%2FyvhbevJTY3bYzmyTon7HJPzhJCW3E%2FJU4baTn7GiAPFz0mtOdfMj14Do2ocHrp6Od098sHCBzi364%2B%2Fe5n6GkuKOupcaj1LcB1jcXAR4Fwn%2BGraWgrp7qIYFTP9q1DwMk62eGiTwqQbOl%2BUjHK3vAyYR0OzXAqgPSV856%2BBZRBOf6uFLYqnoRI9rM87d41if1iwmopjrvZEi5jiY6lqy%2FcybjtM3i8P9fWRa6QSpfkUxYib0efRxOWRGWOM1ysxbCOQjJIR5TzQwZlgwCFhA0CVzJynjxZI8MXqBJK9tItMJB&checksum=143539914044cdf074228aae49d5a582fa398918aa4a
"bObsweep bObi Pet Robotic Vacuum Cleaner, Silver - OP5727556SV",$539.97,"AB, Canada","C $98.60

							(approx. US $71.08)",naborsmedia,,,https://www.ebay.com/itm/bObsweep-bObi-Pet-Robotic-Vacuum-Cleaner-Silver-OP5727556SV/392697584070?epid=24027530904&_trkparms=ispr%3D1&hash=item5b6e9999c6:g:SSUAAOSwMIVeUSZs&enc=AQAEAAACYBPxNw%2BVj6nta7CKEs3N0qV2zvnuoGIrXzX03WZ9pSGsaZ%2F%2F8VRqlpMIDjgBg%2BF7VP9z0gey%2BTBWnxC2AM2IHrgleeVzoTt1lY0e5VT1aG7c7D5qgHSre4BGG2aK2hqGWpGHJ4coLmlZpC6kIDYmAxno2Fg%2FWbc5nuichcFqpBbVOU0R9mbKKKRKQ5BPZsONT74St97tDzrlYYetM1vXM3rmjzH9e3F491WzDV%2BbwSgsl39kIH3H2dR458R8xHRhU6JArLct5XpJMSPFaYXF5SCZAsJfXs9bl9wtU1SpztUzDFk4yp0tJPYKGMyWTalsjoOyXiasDLrSxSpNmZ4YMOcgNa3qHeihp82gzy0Ad84HBYgXpz9AUqcxNz7py4%2FEROkwtW5%2BFe6Gg%2FWs%2FDibLW8NVRnCrUgj%2B%2FDBh%2BiIipOfu0fBVz%2FRx%2B8ophiSu9H6Xgj0Bs%2FJomU4KuGm2QYXbdHLiSDLk4ApQt8H2JzShp5qfghsXCXubPj5plLa%2BxwbEU10yVfjAG6M6WG08YY%2B0PyJdCggkoqs%2BHcFuDJqJjPeivf5ApJoQGwyAxcrIqhzI50yHNP6yRvwKYJdTh4AUlyyaBhEBoZ1QTuBY1tGCKpCtkl1TEA9Ybblo3WZjZH3GMUAS%2BI5vl8L2XbI2kMrNTYKrqbhxcDEALG3aKcO%2Fwc3hGNvLv5p6PsxGGaZ6KAlh9tO%2BTlziu7njf67TIv51Akmm02CG32RpiKQKQDMoI7hKj1yiYULxh2izmuNjyCRDtia7wUr8VieM3dMeB0NUJW9aWbfTzjmWtdqqxkjFMXT&checksum=392697584070cdf074228aae49d5a582fa398918aa4a
Xiaomi Smart Robot Vacuum Cleaner 2 RoboRock S51 Sweep & Mop App WiFi 2000PA,$599.00,"guangzhou, China",FREE,topmallonline,,,https://www.ebay.com/itm/Xiaomi-Smart-Robot-Vacuum-Cleaner-2-RoboRock-S51-Sweep-Mop-App-WiFi-2000PA/323385755420?hash=item4b4b4b071c:g:T7MAAOSwlUhbkmtA
Household Intelligent Robotic Vacuum Cleaner Automatic Sweeping Machine L7O6,$42.65,"Shen Zhen, China",FREE,yoyomater,,"
Pink
White
Black",https://www.ebay.com/itm/Household-Intelligent-Robotic-Vacuum-Cleaner-Automatic-Sweeping-Machine-L7O6/352868339542?hash=item5228978f56:m:mpAY9Dscwgb_-YXNyKRq8KA
Intelligent Suction Robot Vacuum Cleaner Multifunction Household Cleaner &Mop,$209.99,"SHENZHEN, China",FREE,lilinrobot,,,https://www.ebay.com/itm/Intelligent-Suction-Robot-Vacuum-Cleaner-Multifunction-Household-Cleaner-Mop/253324812992?hash=item3afb55e2c0:g:awcAAOSwhzhb4b78
Liectroux A338 Smart Vacuum Robot Cleaner Automatic Floor Dust Cleaning Sweeper,$226.00,"SHENZHEN, China",FREE,lilinrobot,,,https://www.ebay.com/itm/Liectroux-A338-Smart-Vacuum-Robot-Cleaner-Automatic-Floor-Dust-Cleaning-Sweeper/253323282234?hash=item3afb3e873a:g:iCgAAOSwy3Jb4b6x
Smart Sweeping Robot Vacuum Cleaner Floor Edge Dust Clean Auto Suction Sweeper,$26.49,"Toronto, Canada",FREE,bestmall99,,,https://www.ebay.com/itm/Smart-Sweeping-Robot-Vacuum-Cleaner-Floor-Edge-Dust-Clean-Auto-Suction-Sweeper/264545679802?hash=item3d9826b9ba:g:RxMAAOSw8V9d25aA
Liectroux B6009 Wifi APP Robot Vacuum Cleaner with Map Navigation Smart Memory,$226.90,"SHENZHEN, China",FREE,lilinrobot,,,https://www.ebay.com/itm/Liectroux-B6009-Wifi-APP-Robot-Vacuum-Cleaner-with-Map-Navigation-Smart-Memory/254012793610?hash=item3b2457a30a:g:~UkAAOSwFs1cB5dT
Robotic Vacuum Cleaner Rechargeable Dirt Dust Floor Sweeper Home Cleaning Tool,$52.83,"Cheung Sha Wan, HK, Hong Kong",FREE,corner_store247,,"
Black
Dark Gray
White",https://www.ebay.com/itm/Robotic-Vacuum-Cleaner-Rechargeable-Dirt-Dust-Floor-Sweeper-Home-Cleaning-Tool/153560503487?hash=item23c0eb54bf:m:mr5jxK3MgBkEznnlS97_Mbw
Roborock S50 Robotic Vacuum Cleaner - Rose gold,$120.00,"Enfield, SA, Australia","AU $35.00

							(approx. US $21.98)",secretcloset99,,,https://www.ebay.com/itm/Roborock-S50-Robotic-Vacuum-Cleaner-Rose-gold/324100947994?hash=item4b75ec001a:g:I4oAAOSw6VVeabDe
Neato DC00 Botvac Connected Robotic Vacuum Cleaner Floor Recharge Robot Sweeper,"$1,599.00","Moorabbin, Australia","AU $139.95

							(approx. US $87.88)",matchbox_australia,,,https://www.ebay.com/itm/Neato-DC00-Botvac-Connected-Robotic-Vacuum-Cleaner-Floor-Recharge-Robot-Sweeper/173966316386?epid=5031269330&hash=item2881335362:g:IK0AAOSw9-JeIPSk
Intelligent Suction Robot Vacuum Cleaner Multifunction Household Cleaner &Mop,172.99,"SHENZHEN, China",FREE,lilinrobot,,,https://www.ebay.com/itm/Intelligent-Suction-Robot-Vacuum-Cleaner-Multifunction-Household-Cleaner-Mop/253374751911?hash=item3afe4fe4a7:g:Vn8AAOSwgc1awZOQ
Original Robot Roomba 980 Black Robotic Vacuum Cleaner,$800.00,"Enfield, SA, Australia","AU $40.00

							(approx. US $25.12)",secretcloset99,,,https://www.ebay.com/itm/Original-Robot-Roomba-980-Black-Robotic-Vacuum-Cleaner/324080371785?hash=item4b74b20849:g:tZYAAOSwT5teUF6m
1800PA Multifunctional Smart Floor Cleaner Vacuum Robot 3-In-1 Auto Rechargeable,49.99,"Preston, United Kingdom","GBP 9.99

							(approx. US $12.53)",digital_flames,,"
Black
White
Grey",https://www.ebay.com/itm/1800PA-Multifunctional-Smart-Floor-Cleaner-Vacuum-Robot-3-In-1-Auto-Rechargeable/202926529229?hash=item2f3f5d1acd:m:mb76wjcIOyT1jQxnW5T7b3g
iClebo YCR-M07-10 Omega Gold Robotic Robot Vacuum Cleaner Smart / Yujin Robot,$349.99,"Seoul, Korea, South",$9.99,with_us,,,https://www.ebay.com/itm/iClebo-YCR-M07-10-Omega-Gold-Robotic-Robot-Vacuum-Cleaner-Smart-Yujin-Robot/322207604515?epid=2254366907&hash=item4b0511df23:g:4EcAAOSwXrhXmVG1
Mopet Microfiber Mop Robot Vacuum Cleaner -household cleaning Robot,$85.94,"Katano-shi Osaka, Japan",FREE,saitoh320622,,,https://www.ebay.com/itm/Mopet-Microfiber-Mop-Robot-Vacuum-Cleaner-household-cleaning-Robot/261942431981?hash=item3cfcfc50ed:g:HKEAAOSwDNdVimGG
Samsung Powerbot Robotic Vacuum Cleaner Robot Sr10M7010Ub,$448.50,"vic, Australia","AU $81.55

							(approx. US $51.21)",dta_vacs,,,https://www.ebay.com/itm/Samsung-Powerbot-Robotic-Vacuum-Cleaner-Robot-Sr10M7010Ub/173212285612?epid=3012051168&hash=item285441baac:g:~2EAAOSw5UFb7Xh0
Smart Vacuum Cleaner Intelligent Automatic Sweeping Mopping Robot,$23.88,"ShenZhen, China",FREE,lzbuy17,,"
White
Black",https://www.ebay.com/itm/Smart-Vacuum-Cleaner-Intelligent-Automatic-Sweeping-Mopping-Robot/164121109844?hash=item2636616554:m:mIHxmPJhyxUEfHp1bhfCu2A
"bObsweep bObi Pet Robotic Vacuum Cleaner, Silver - OP5727556SV",$531.18,"BC, Canada","C $92.50

							(approx. US $66.68)",medgames,,,https://www.ebay.com/itm/bObsweep-bObi-Pet-Robotic-Vacuum-Cleaner-Silver-OP5727556SV/352998974576?epid=24027530904&hash=item523060e470:g:2DIAAOSw7oheaEbS
NEW Deenkee DK600  2.8'' 1500Pa  Self-Charging Robotic Vacuum Cleaner - Black,$95.00,"Indianapolis, Indiana, United States",$22.00,croleyinventory,,,https://www.ebay.com/itm/NEW-Deenkee-DK600-2-8-1500Pa-Self-Charging-Robotic-Vacuum-Cleaner-Black/283784152633?hash=item4212da8639:g:agIAAOSwJ5BeSEyR
Samsung robot floor vacuum cleaner VR10M701BUW/SB,295.00,"Tartu, Estonia","GBP 25.00

							(approx. US $31.35)",wallmarket24,,,https://www.ebay.com/itm/Samsung-robot-floor-vacuum-cleaner-VR10M701BUW-SB/263855582452?hash=item3d6f04acf4:g:QkAAAOSwkVVbZAQW
2018 New Smart Vacuum Cleaner Cordless Robotic Sweeper Cleaning Machine Remote,$211.99,"wenzhou, China",FREE,deepbst2,,,https://www.ebay.com/itm/2018-New-Smart-Vacuum-Cleaner-Cordless-Robotic-Sweeper-Cleaning-Machine-Remote/323386574193?epid=19022340437&hash=item4b4b578571:g:9WQAAOSwVzRbalq6
"bObsweep PetHair Robotic Vacuum Cleaner and Mop, Rouge",$386.75,"AB, Canada","C $98.60

							(approx. US $71.08)",naborsmedia,,,https://www.ebay.com/itm/bObsweep-PetHair-Robotic-Vacuum-Cleaner-and-Mop-Rouge/392698681660?epid=4030517195&_trkparms=ispr%3D1&hash=item5b6eaa593c:g:VaEAAOSwgGJeURkJ&enc=AQAEAAACYBPxNw%2BVj6nta7CKEs3N0qXTYAqhnMEGDbPScmOeymaJvnOnM7qzeyyWpBXkpJral0GbfSeZhdJImEaKnJiq8%2Fb%2F8JR7Dr%2FujYQnLBoaTGMTP7Cc9oO1zQBNMb70aeW0KwGZF44uzALllMlDcpPtO7Kl2C7VhZ%2BdJWXXjoIFv%2BMHlNR%2BRzk%2FP6A6XH%2BtVgMlxiN99sg6hC0yDH0M%2BGH7UVqR8m44amr%2Bap%2FYZ7g4zQw%2FyZLNt5vicegx3SYpCewzBpANl3tUoXUBDbwmGyNvkBdjJJu8UtqJHVdatnfXTHX5pUTDelwzVRMtzzn7y9kse1Ejj%2FjJPikqvCsMgAVQ77nb1%2B1eDJgVqxfSoarJCJCoHx41TZFAHv6PGkkknWmiIxsGCMbHvut0Ur6bTOs2zsMxLkITJIk1SyOYP2WzYoDJJRgRuII5pyEkbJvx2wNfukNe2p6NGbovgpGeyxoBRJYZ1P9%2BG7h00ALnY3mQqdUFtH%2BFQ5wx0CXofPVqk%2Fx4Ajmw4ob2wh3GwFrcMve0zEufTmdm3BAsECawz10SwJBMlnG3TAohhRmm0z5McDF1w03wv4FrUKkMmly4LZUZKXfg1e%2B83pn57RNP%2F5aDSbJ61EoBXSqOOg9%2FOzhjjyqcFrvzOqoZeMY6bvuRgUf73oAyvSVzsWVAeU%2B3GDbdTwJYrQ0UjYfjdY3QB%2B6XnlauXirQBrceyx%2B0v4BJOmtu%2FsWSnJa1ozjBKD%2FXaUbDPcyBNp%2FXSDwXIbwLjbozYbEFeVRsAG%2Fjnc0Pu4V8NJn4MP58l0E4zDCsffRlbfvvmsF0&checksum=392698681660cdf074228aae49d5a582fa398918aa4a
Pyle Upgraded Pure Clean Smart Robot Vacuum Sweeper Cleaner White,$241.44,"BC, Canada","C $97.50

							(approx. US $70.29)",jndvd9,,,https://www.ebay.com/itm/Pyle-Upgraded-Pure-Clean-Smart-Robot-Vacuum-Sweeper-Cleaner-White/143538818221?epid=17027052881&_trkparms=ispr%3D1&hash=item216b948cad:g:t9YAAOSwEdteUPxT&enc=AQAEAAACYBPxNw%2BVj6nta7CKEs3N0qWkEZrRsNq29vP2geLoxwusiWAwyR9B3JUV02pEi0w3SgCbV7dw3U09XhBNWSEXT8Ynrt14J6MbrWCy4St3bj1BxnB4TZvIAMgiz7ZJ0UUbd6XWYQCdMCFyUzn6Wv7kTxtwlUuCk3Et1K3MyBkv%2BLlbPBkLOB0V6AFsqFk%2Fhoq3csH53bVDP%2BxIVE%2F9Beww%2F9p49iv1wy3wyaqVJUzfhuJUTY6qIaYCEkx%2FJU6v8FUPNGTrchJiMbQ6IdGlyjXEQ9TXcrC9uBujyAmikkNQNERuPtW5VMD5%2FzSINc1%2B97XEhmx0ff0UV2dFUulG%2FbY58ttqrLc%2BFATSzv5UzFn4zNqE8bQTajS%2FXQ%2Bzqce7LZdNDkk93UgTK6H%2B4p3zN1epHUS3ei4vMOcuCWFOpFmTbocwt4%2BF%2Fvv1IOc5d2jMnqPRlvv9G22cxPZvL3rosWTY6jwW7pWtPNjpE7FohfXx8G7VJ%2FzG%2B0ZGOG%2F00x%2FrT0ACv3H8Gl8sHn20iVSPvBB7swaAoP%2BbZs1vvqEdx5jMVsD02uF8mpb4aIAJEEVq9z16XD3r0bzNpBSPfqTGwAsHKL5nRjCO05RE2KqMvEJauG5UBD8OCVurKW5tv1vHd%2BF%2FDlNLvhHWluf7Udn1TTcHjYq%2FHJDFpogTU4tc6yFtdYo4os13nQeKgWx4Lku1%2FcNaHWh6gH9oU2fnfq4z%2BvPh6ECM%2FUeyZQDoyNqR8YmeoMmm4A03MpeaX5QpBzB8zkERsgB5Q4fWsGe0A%2BgxyUOX71ju5d93sLJR%2Fz3bNh5NBJmX&checksum=143538818221cdf074228aae49d5a582fa398918aa4a
Smart Robot Vacuum Cleaner USB Rechargeable Automatic Sweeping Mopping Anti-fall,$23.75,"ShenZhen, China",FREE,top-electronicsitems,,"
White
Black",https://www.ebay.com/itm/Smart-Robot-Vacuum-Cleaner-USB-Rechargeable-Automatic-Sweeping-Mopping-Anti-fall/153861770351?hash=item23d2e04c6f:m:mtdCq0oNe_H1Fc2TXATpqLg
iRobot Roomba 880 Robotic Vacuum Cleaner Black Japan ver. F/S w/Tracking# New,$762.87,"Japan, Japan",FREE,duck_shop_japan,,,https://www.ebay.com/itm/iRobot-Roomba-880-Robotic-Vacuum-Cleaner-Black-Japan-ver-F-S-w-Tracking-New/201945084324?epid=176148971&hash=item2f04dd71a4:g:I3gAAOSwZKBZMlg6
New Wifi APP Control Robot Vacuum Cleaner Liectroux Q8000 With Map Navigation,$236.99,"SHENZHEN, China",FREE,lilinrobot,,,https://www.ebay.com/itm/New-Wifi-APP-Control-Robot-Vacuum-Cleaner-Liectroux-Q8000-With-Map-Navigation/253551768122?epid=7019258069&hash=item3b08dcf23a:g:zVcAAOSw--xb4b7V
"bObi Classic Robotic Vacuum Cleaner and Mop, Snow",$464.28,"BC, Canada","C $92.50

							(approx. US $66.68)",medgames,,,https://www.ebay.com/itm/bObi-Classic-Robotic-Vacuum-Cleaner-and-Mop-Snow/352998753115?epid=20030526321&hash=item52305d835b:g:5aMAAOSwhZleaA5A
Liectroux B3000PLUS  Robot Vacuum Cleaner with Self Charging LED Touch Screen,176.00,"SHENZHEN, China",FREE,lilinrobot,,,https://www.ebay.com/itm/Liectroux-B3000PLUS-Robot-Vacuum-Cleaner-with-Self-Charging-LED-Touch-Screen/253372795554?hash=item3afe320aa2:g:7IwAAOSwD4lawdl6
"bObsweep PetHair Robotic Vacuum Cleaner and Mop, Rouge",$379.83,"BC, Canada","C $92.50

							(approx. US $66.68)",medgames,,,https://www.ebay.com/itm/bObsweep-PetHair-Robotic-Vacuum-Cleaner-and-Mop-Rouge/352998612560?epid=4030517195&hash=item52305b5e50:g:0ngAAOSwhLheZ-Pn
Automatic Sweeping Robot Vacuum Cleaner Home Floor Dust Home Cleaning Machine,$56.42,"Shenzhen, China",FREE,vitonis-global,,"
Black
White",https://www.ebay.com/itm/Automatic-Sweeping-Robot-Vacuum-Cleaner-Home-Floor-Dust-Home-Cleaning-Machine/124037598867?hash=item1ce1378e93:m:mf2BZ4GpS8W0Bj1vRqvjiPQ
" B3000 Robot Vacuum Cleaner w/ Virtual Blocker,Self Charge,& Remote Control",$265.00,"Hong Kong, China",FREE,eaglesmarketplace2013,,,https://www.ebay.com/itm/B3000-Robot-Vacuum-Cleaner-w-Virtual-Blocker-Self-Charge-Remote-Control/153309529306?hash=item23b1f5c4da:g:rBAAAOSwAbxcGeke
Intelligent Robot Vacuum Cleaner RC Sweeper USB Rechargeable Multifunction,$91.26,"Shenzhen, China",FREE,uptogethertek,,,https://www.ebay.com/itm/Intelligent-Robot-Vacuum-Cleaner-RC-Sweeper-USB-Rechargeable-Multifunction/153751680916?hash=item23cc507794:g:8NQAAOSwvchd6cgS
Automatic Smart Cleaning Sweeping Robotic Vacuum Cleaner Floor Sweeper White,$305.50,"Shenzhen, China","AU $22.39

							(approx. US $14.06)",ecdepot,,,https://www.ebay.com/itm/Automatic-Smart-Cleaning-Sweeping-Robotic-Vacuum-Cleaner-Floor-Sweeper-White/401918223216?hash=item5d94316370:g:3mYAAOSwj95doFbg
Smart Robot Vacuum Cleaner Hoover  Automatic Carpet Floor Sweeper,29.95,"Dublin , Ireland","EUR 17.95

							(approx. US $19.89)",mega-source,,"
Black
White",https://www.ebay.com/itm/Smart-Robot-Vacuum-Cleaner-Hoover-Automatic-Carpet-Floor-Sweeper/113954490082?hash=item1a883786e2:m:mj9YonAOSGLPs6jFiAE58zQ
3IN1 Self Navigated Rechargeable Smart Robot Vacuum Cleaner Mop Auto Sweeper APP,$90.23,"Guangzhou, China",$15.99,woerstore,,,https://www.ebay.com/itm/3IN1-Self-Navigated-Rechargeable-Smart-Robot-Vacuum-Cleaner-Mop-Auto-Sweeper-APP/264394581941?epid=28030649262&hash=item3d8f2527b5:g:nbYAAOSwhY1d~Ib1
Smart Sweeping Robot Vacuum Cleaner Floor Edge Dust Clean Auto Suction Sweeper,$14.99,"Shenzhen, China",FREE,homedevices,,"
Rechargeable Sweeping robot
Battery  Sweeping robot",https://www.ebay.com/itm/Smart-Sweeping-Robot-Vacuum-Cleaner-Floor-Edge-Dust-Clean-Auto-Suction-Sweeper/264545700928?hash=item3d98270c40:m:mN7NIvbA1MeghzmGNTsZx-A
3 IN 1 Smart Floor Robot Vacuum Cleaner Mop Automatic Laser Distance Sensor Edge,$6.99,"Shenzhen, China",FREE,allseems,,"
Black
Gray
White
1PC Robot rag",https://www.ebay.com/itm/3-IN-1-Smart-Floor-Robot-Vacuum-Cleaner-Mop-Automatic-Laser-Distance-Sensor-Edge/143332228723?hash=item215f443e73:m:m9Rt1cAKUx2rv_OlO6_JT0w
"eufy BoostIQ RoboVac 30, Robot Vacuum Cleaner, Upgraded, Super-Thin, 1500Pa...",$576.23,"BC, Canada","C $92.50

							(approx. US $66.68)",medgames,,,https://www.ebay.com/itm/eufy-BoostIQ-RoboVac-30-Robot-Vacuum-Cleaner-Upgraded-Super-Thin-1500Pa/352999540068?epid=3027548430&hash=item5230698564:g:XSUAAOSwNsdeaOEV
Cleaning Mopping Robotic Vacuum Cleaner Automatic Multifunctional White,46.72,"Shenzhen, China",FREE,dailydealuk,,,https://www.ebay.com/itm/Cleaning-Mopping-Robotic-Vacuum-Cleaner-Automatic-Multifunctional-White/233458719921?hash=item365b395cb1:g:T0cAAOSwO5VeFMdI
ECOVACS Deebot Slim Vacuum Cleaner Robot Light Green Special Hair Pets Original,$479.00,"Madrid, Madrid, Spain",FREE,limonesfelix,,,https://www.ebay.com/itm/ECOVACS-Deebot-Slim-Vacuum-Cleaner-Robot-Light-Green-Special-Hair-Pets-Original/142674946304?hash=item213816e900:g:N74AAOSwnlFachem
Smart Robotic Vacuum Cleaner Dry Wet Cordless Floor Dust Auto Sweeping Machine,$49.73,"ShenZhen, China",FREE,acemotor2015,,"
Red
Black",https://www.ebay.com/itm/Smart-Robotic-Vacuum-Cleaner-Dry-Wet-Cordless-Floor-Dust-Auto-Sweeping-Machine/153309776444?hash=item23b1f98a3c:m:mCc6VE80LkQ2f75ABmoSpYQ
Smart Self Docking Recharge Robotic Vacuum Cleaner Machine Sweep Floor Auto C3F0,$40.59,"shanghai, China",FREE,care4health413,,"
Black
Gray
White",https://www.ebay.com/itm/Smart-Self-Docking-Recharge-Robotic-Vacuum-Cleaner-Machine-Sweep-Floor-Auto-C3F0/264664508678?hash=item3d9f3be906:m:m_xTEcj2p0k32N-Jw2l90pw
"bObsweep WPP56001CH Pethair Plus Robotic Vacuum Cleaner and Mop, Charcoal",$590.11,"AB, Canada","C $90.50

							(approx. US $65.24)",minorgames,,,https://www.ebay.com/itm/bObsweep-WPP56001CH-Pethair-Plus-Robotic-Vacuum-Cleaner-and-Mop-Charcoal/372983214561?hash=item56d78831e1:g:0VoAAOSwvFteaOEr
3 in 1 Automatic Smart Robotic Vacuum Cleaner Robot Home Floor Sweeping Mop,$46.99,"Shenzhen, China",FREE,tila_3236,,,https://www.ebay.com/itm/3-in-1-Automatic-Smart-Robotic-Vacuum-Cleaner-Robot-Home-Floor-Sweeping-Mop/293494500092?hash=item4455a2aafc:g:XiAAAOSwZDleWHM9
"bObi Classic Robotic Vacuum Cleaner and Mop, Snow",$244.40,"AB, Canada","C $98.60

							(approx. US $71.08)",naborsmedia,,,https://www.ebay.com/itm/bObi-Classic-Robotic-Vacuum-Cleaner-and-Mop-Snow/392698316338?epid=20030526321&_trkparms=ispr%3D1&hash=item5b6ea4c632:g:9BwAAOSwJrleUetr&enc=AQAEAAACYBPxNw%2BVj6nta7CKEs3N0qUCEbUh43dO%2F83JGJtdU2qoqQCdUnFVbU0wQOYRpfdC4ultNgSSoBk%2F3%2Bq66CxEU7WpcAJCPJwbL0mIepGqbKNg1wmmxOcDrDCRbLpZpzrv3ZmTcd5O6CHcITl%2FmwvyYYNMrg31KEH5mTaR86LhcJ4DcrHXYC%2F18OrY0WSpAtkazNa9NrjzBFOqHgCpJgcRD4Np%2BKjm1lGYf8sezbuQjj7Wa%2FuIRbWPIccnyphzIpsLF1inaQmRaZURAbJk%2BlBXvaTJ07zgOQjOfuhWdPBKdM29unXA294RnFnwK9LF3bYukd0IUGS5Z0x3%2FLJen0WQZgpWi5Dii0idGxG4Ywc7nbkNsvvmTSnhpnGdEfNoTVW9srZcy6mwz%2BBKYrq9ZGVYBkrcexcA%2BrtL%2FmgWjIT8e6Prr3AonIT35fFXNByvbzzMDHNnZw3E5vXbrzvr3nGUXduehseooMh4MhMhj%2F%2B5rDHTU5LoICM5bESh%2FmPnv2%2Bn1XN1Gh0pokKx3kbBJqK7baf91wi2LmAqTdz4%2BWzOofwMY9xMPGO9i5VsDRJZ71dBIH4oSI7DzAHkkDip7objRW7u9NNz7d72anI5wJMRxkGk8Gte3lQCDTQUThpbpBg0ZA9c1lKlUAJyWgy4kpWSf8YyIcel667HPzEM6d94kPMGBpt2bmuaPcRk3myCYlZJG7U%2BAaaXTIMYTSw3WMsHsO2cq1z%2FXBtRnU298ZtTXgY06Sb1BteGB%2Fcu%2FPIA7h9JMWfBdRqBktqG0rbRVmjC15VnFcFKHhrngb2xE36zU53N&checksum=392698316338cdf074228aae49d5a582fa398918aa4a
"eufy BoostIQ RoboVac 30, Robot Vacuum Cleaner, Upgraded, Super-Thin, 1500Pa...",$439.08,"AB, Canada","C $98.60

							(approx. US $71.08)",naborsmedia,,,https://www.ebay.com/itm/eufy-BoostIQ-RoboVac-30-Robot-Vacuum-Cleaner-Upgraded-Super-Thin-1500Pa/392699050704?epid=3027548430&_trkparms=ispr%3D1&hash=item5b6eaffad0:g:ACAAAOSwTz1eUrEg&enc=AQAEAAACYBPxNw%2BVj6nta7CKEs3N0qWdPHPGlG1EqdhfsNZGKpZdiiQhcDtMpZcEzgIZRm%2B5qNFR60In11qfeGPlZfXD%2Bq8%2FmlG76k6xvLtBOGe99Q1Cz%2F3LF8PO7I0a73IK4kkOPR0jkPz%2FnIW4GMp73vSlfNXhB%2BWTbLmhFMOp%2B1jusD0%2FAkum9%2FD%2FGmTNQUuvRu4k1hqcZmgR6r%2FFNEZwrWAK9QTwHMlfxewTQ8dkLgmL9DX9C0JjnQERVT419U%2BpJcZGbidrHkkhlzYVurDJwF9k1cQ2Rn8ljTFSOWoKx3buV4mXTgILMRB7%2F4wJnghWbHPPn8jeKh0xg4aoRj2c%2BrYK1lvt0wUYMNS0iSzUDVCvk5uZ8AMZ2YsPJS%2F5oemFxG5KZ25tAQMfd1e%2Fq%2Bvud63hqHhNTXbFgLFj3sbQFbf2dO3dfx9bPpuhzwFuodolwO5OxC93H68Kbm%2BCFR7OWMjI2Od29o4U15uXSvL3Qe%2Bnre5fZQE8e9kqR4LV86iCiYpWkRwwex4PHUD%2BATk%2Bp4S0yLBmi5siHwZfyCmqD0uz2KPn3BR4qw90zl%2FmdtWaXXhJlEMuFW8qw%2BKwvsulOL8nZdWnZBnqmW3vY8JE4VJ2XjE32MnjsKoezEBla3Age0UkdIqwHqYpsmlOHswD4vbACbgZZgwAKtwFJR0MhudEkVYEqCkOAGH2WF9c38i98NfGSpUrQAgRYIBj5ivCdU9sNY5yN0xEXfUEujcMegoviunZ1ji%2BFtJRLrP0Uzyolpl3CJl8i6MyI1%2FiWnLgbhWYzoFbnivO5SoI2NnwovlQ%2Fz3M&checksum=392699050704cdf074228aae49d5a582fa398918aa4a
